Player,Nation,Pos_x,Squad_x,Age,Born,MP,Starts,Min,90s,Gls/90,Ast/90,CrdR/90,CrdY/90,Pos_y,Squad_y,Tkl,TklW,Tkl.1,Att,Tkl%,Lost,Blocks,Sh,Pass,Int,Tkl+Int,Clr,Err,Performance_rating
Tosin Adarabioyo,ENG,DF,Fulham,26.0,1997.0,20,18,1617,18.0,0.11,0.0,0.0,0.11,DF,Fulham,1.17,0.61,0.67,1.17,57.1,0.5,0.89,0.61,0.28,1.39,2.56,4.44,0.0,15.43
Nayef Aguerd,MAR,DF,West Ham,28.0,1996.0,21,21,1857,20.6,0.05,0.0,0.05,0.15,DF,West Ham,1.26,0.68,0.78,1.07,72.7,0.29,1.6,1.17,0.44,0.83,2.09,4.13,0.1,12.59
Anel Ahmedhodžić,BIH,DF,Sheffield Utd,25.0,1999.0,29,27,2470,27.4,0.07,0.0,0.0,0.33,DF,Sheffield Utd,2.12,1.31,0.95,1.64,57.8,0.69,1.46,0.91,0.55,1.2,3.32,4.82,0.07,17.12
Ola Aina,NGA,DF,Nott'ham Forest,27.0,1996.0,20,18,1512,16.8,0.06,0.06,0.0,0.18,DF,Nott'ham Forest,2.38,1.49,1.37,1.9,71.9,0.54,1.07,0.18,0.89,0.95,3.33,2.8,0.06,13.16
Rayan Aït-Nouri,ALG,DF,Wolves,22.0,2001.0,30,26,2102,23.4,0.09,0.04,0.0,0.3,DF,Wolves,2.69,1.67,1.03,1.79,57.1,0.77,1.2,0.26,0.94,0.56,3.25,1.45,0.0,9.95
Kristoffer Ajer,NOR,DF,Brentford,26.0,1998.0,26,19,1726,19.2,0.1,0.05,0.0,0.26,DF,Brentford,1.88,1.04,1.2,1.88,63.9,0.68,1.25,0.57,0.68,1.09,2.97,3.96,0.05,14.7
Manuel Akanji,SUI,DF,Manchester City,28.0,1995.0,26,24,2171,24.1,0.08,0.0,0.04,0.17,DF,Manchester City,1.49,1.04,0.83,1.41,58.8,0.58,1.04,0.5,0.54,0.91,2.41,2.66,0.08,11.2
Nathan Aké,NED,DF,Manchester City,29.0,1995.0,26,22,1933,21.5,0.09,0.09,0.0,0.0,DF,Manchester City,1.16,0.7,0.56,0.88,63.2,0.33,0.7,0.09,0.6,0.6,1.77,2.47,0.0,9.65
Trent Alexander-Arnold,ENG,DF,Liverpool,25.0,1998.0,25,22,1905,21.2,0.14,0.19,0.0,0.24,DF,Liverpool,1.37,0.94,0.99,3.4,29.2,2.41,0.9,0.09,0.8,1.18,2.55,2.12,0.19,11.39
Joachim Andersen,DEN,DF,Crystal Palace,27.0,1996.0,35,35,3149,35.0,0.06,0.09,0.0,0.17,DF,Crystal Palace,1.49,0.91,0.71,1.0,71.4,0.29,0.89,0.51,0.37,1.14,2.63,5.46,0.03,17.47
Calvin Bassey,NGA,DF,Fulham,24.0,1999.0,26,22,2033,22.6,0.04,0.0,0.04,0.22,DF,Fulham,1.95,1.11,0.8,1.11,72.0,0.31,1.15,0.4,0.75,1.19,3.14,3.36,0.18,13.16
Amari'i Bell,JAM,DF,Luton Town,29.0,1994.0,21,21,1720,19.1,0.0,0.0,0.0,0.0,DF,Luton Town,2.62,1.73,1.15,1.83,62.9,0.68,1.73,0.79,0.94,1.31,3.93,3.14,0.05,15.3
Jayden Bogle,ENG,DF,Sheffield Utd,23.0,2000.0,31,29,2518,28.0,0.11,0.0,0.0,0.32,DF,Sheffield Utd,2.18,1.14,1.18,2.32,50.8,1.14,1.43,0.39,1.04,1.04,3.21,3.07,0.0,13.02
Jarrad Branthwaite,ENG,DF,Everton,21.0,2002.0,32,32,2846,31.6,0.09,0.0,0.0,0.25,DF,Everton,1.9,0.95,1.33,1.77,75.0,0.44,1.36,0.98,0.38,1.55,3.45,4.65,0.03,17.03
Dan Burn,ENG,DF,Newcastle Utd,31.0,1992.0,29,28,2366,26.3,0.08,0.08,0.0,0.11,DF,Newcastle Utd,2.05,1.06,0.84,2.17,38.6,1.33,1.79,0.76,1.03,1.33,3.38,4.14,0.04,15.98
Diego Carlos,BRA,DF,Aston Villa,31.0,1993.0,24,17,1546,17.2,0.0,0.0,0.0,0.23,DF,Aston Villa,1.45,0.81,0.76,1.16,65.0,0.41,1.1,0.81,0.29,0.76,2.21,3.84,0.17,11.82
Matty Cash,POL,DF,Aston Villa,26.0,1997.0,28,23,2077,23.1,0.09,0.09,0.0,0.3,DF,Aston Villa,2.21,1.26,1.17,2.38,49.1,1.21,1.52,0.61,0.91,0.78,2.99,2.42,0.0,11.47
Timothy Castagne,BEL,DF,Fulham,28.0,1995.0,31,27,2453,27.3,0.04,0.11,0.0,0.11,DF,Fulham,1.65,0.81,0.88,1.5,58.5,0.62,1.28,0.33,0.95,1.39,3.04,2.23,0.04,11.44
Nathan Collins,IRL,DF,Brentford,23.0,2001.0,30,27,2472,27.5,0.04,0.04,0.0,0.11,DF,Brentford,1.31,0.73,0.69,1.05,65.5,0.36,1.53,0.98,0.55,1.45,2.76,4.95,0.15,16.39
Levi Colwill,ENG,DF,Chelsea,21.0,2003.0,23,20,1797,20.0,0.05,0.05,0.0,0.1,DF,Chelsea,2.4,1.5,1.3,1.7,76.5,0.4,1.4,0.5,0.9,1.3,3.7,3.3,0.0,15.35
Vladimír Coufal,CZE,DF,West Ham,31.0,1992.0,33,33,2862,31.8,0.0,0.22,0.03,0.22,DF,West Ham,1.82,1.19,1.07,2.04,52.3,0.97,1.32,0.35,0.97,1.23,3.05,2.89,0.0,13.39
Diogo Dalot,POR,DF,Manchester Utd,25.0,1999.0,32,31,2814,31.3,0.03,0.1,0.03,0.19,DF,Manchester Utd,2.3,1.41,1.41,2.04,68.8,0.64,1.34,0.48,0.86,1.12,3.42,3.0,0.0,13.79
Craig Dawson,ENG,DF,Wolves,33.0,1990.0,25,25,2209,24.5,0.04,0.04,0.0,0.29,DF,Wolves,1.22,0.82,0.9,1.39,64.7,0.49,2.08,1.59,0.49,0.65,1.88,4.9,0.04,14.2
Rúben Dias,POR,DF,Manchester City,26.0,1997.0,27,25,2289,25.4,0.0,0.0,0.0,0.0,DF,Manchester City,1.42,0.71,0.71,0.98,72.0,0.28,1.18,0.63,0.55,0.98,2.4,2.87,0.0,10.81
Lucas Digne,FRA,DF,Aston Villa,30.0,1993.0,30,24,2141,23.8,0.04,0.13,0.0,0.25,DF,Aston Villa,1.72,0.76,0.97,1.72,56.1,0.76,0.63,0.08,0.55,1.01,2.73,2.27,0.0,10.23
Axel Disasi,FRA,DF,Chelsea,26.0,1998.0,30,29,2571,28.6,0.07,0.0,0.0,0.21,DF,Chelsea,1.15,0.66,0.8,1.05,76.7,0.24,0.91,0.66,0.24,0.63,1.78,3.57,0.07,11.08
Alfie Doughty,ENG,DF,Luton Town,24.0,1999.0,34,31,2659,29.5,0.03,0.24,0.0,0.14,DF,Luton Town,1.93,1.22,1.12,2.54,44.0,1.42,1.49,0.24,1.25,0.98,2.92,1.22,0.1,9.6
Lewis Dunk,ENG,DF,Brighton,32.0,1991.0,30,30,2644,29.4,0.1,0.03,0.03,0.2,DF,Brighton,0.85,0.41,0.41,1.12,36.4,0.71,1.6,1.22,0.37,1.02,1.87,2.62,0.03,9.87
Toti Gomes,POR,DF,Wolves,25.0,1999.0,32,28,2503,27.8,0.04,0.11,0.0,0.22,DF,Wolves,1.55,0.9,0.83,1.22,67.6,0.4,1.29,0.58,0.72,0.86,2.41,2.99,0.04,11.53
Joe Gomez,ENG,DF,Liverpool,26.0,1997.0,30,16,1669,18.5,0.0,0.05,0.0,0.27,DF,Liverpool,2.43,1.57,1.51,3.24,46.7,1.73,1.41,0.22,1.19,0.92,3.35,2.54,0.11,12.21
Marc Guéhi,ENG,DF,Crystal Palace,23.0,2000.0,22,22,1912,21.2,0.0,0.05,0.0,0.09,DF,Crystal Palace,1.23,0.8,0.61,1.08,56.5,0.47,1.04,0.8,0.24,0.85,2.08,4.06,0.05,13.03
Malo Gusto,FRA,DF,Chelsea,20.0,2003.0,23,18,1615,17.9,0.0,0.28,0.06,0.34,DF,Chelsea,2.79,1.34,1.73,2.63,66.0,0.89,1.56,0.22,1.34,0.84,3.63,2.18,0.06,11.1
Joško Gvardiol,CRO,DF,Manchester City,22.0,2002.0,24,22,1968,21.9,0.09,0.05,0.0,0.14,DF,Manchester City,2.01,1.28,0.78,1.37,56.7,0.59,1.32,0.55,0.78,1.05,3.06,1.46,0.14,10.18
Jan Paul van Hecke,NED,DF,Brighton,23.0,2000.0,28,26,2369,26.3,0.0,0.0,0.0,0.15,DF,Brighton,1.79,0.99,1.03,1.71,60.0,0.68,1.86,1.03,0.84,1.14,2.93,2.89,0.15,11.72
Issa Kaboré,BFA,DF,Luton Town,22.0,2001.0,24,21,1729,19.2,0.0,0.1,0.0,0.36,DF,Luton Town,2.71,1.46,1.25,2.34,53.3,1.09,1.15,0.57,0.57,0.83,3.54,2.92,0.1,12.45
Milos Kerkez,HUN,DF,Bournemouth,20.0,2003.0,27,21,1880,20.9,0.0,0.05,0.05,0.14,DF,Bournemouth,2.2,1.2,1.39,1.91,72.5,0.53,1.48,0.53,0.96,0.91,3.11,2.78,0.05,11.65
Max Kilman,ENG,DF,Wolves,26.0,1997.0,35,35,3150,35.0,0.06,0.0,0.0,0.2,DF,Wolves,1.31,0.57,0.69,0.91,75.0,0.23,1.54,0.8,0.74,1.03,2.34,4.89,0.11,14.52
Ibrahima Konaté,FRA,DF,Liverpool,24.0,1999.0,22,17,1574,17.5,0.0,0.0,0.06,0.29,DF,Liverpool,2.06,1.26,1.03,1.37,75.0,0.34,1.03,0.69,0.34,1.14,3.2,2.91,0.06,12.43
Ezri Konsa,ENG,DF,Aston Villa,26.0,1997.0,32,32,2800,31.1,0.03,0.0,0.0,0.16,DF,Aston Villa,1.41,0.84,0.68,0.77,87.5,0.1,1.13,0.64,0.48,0.87,2.28,2.25,0.1,9.45
Gabriel Magalhães,BRA,DF,Arsenal,26.0,1997.0,33,31,2806,31.2,0.13,0.0,0.0,0.13,DF,Arsenal,1.44,0.8,0.48,0.64,75.0,0.16,1.28,0.96,0.32,0.9,2.34,3.04,0.03,11.77
Harry Maguire,ENG,DF,Manchester Utd,31.0,1993.0,22,18,1653,18.4,0.11,0.11,0.0,0.22,DF,Manchester Utd,1.3,0.92,0.65,1.2,54.5,0.54,1.79,1.3,0.49,1.36,2.66,4.51,0.05,16.53
Teden Mengi,ENG,DF,Luton Town,22.0,2002.0,27,25,2273,25.3,0.04,0.0,0.0,0.12,DF,Luton Town,1.9,0.71,0.63,1.07,59.3,0.43,1.38,0.99,0.4,2.06,3.95,5.22,0.0,18.87
Tyrick Mitchell,ENG,DF,Crystal Palace,24.0,1999.0,34,34,2955,32.8,0.03,0.09,0.0,0.18,DF,Crystal Palace,2.93,1.62,1.19,1.62,73.6,0.43,1.77,0.3,1.46,0.76,3.69,3.08,0.0,13.57
Murillo,BRA,DF,Nott'ham Forest,21.0,2002.0,29,29,2519,28.0,0.0,0.07,0.0,0.18,DF,Nott'ham Forest,1.57,0.96,0.61,1.07,56.7,0.46,1.29,0.71,0.57,1.07,2.64,5.86,0.0,17.84
Vitaliy Mykolenko,UKR,DF,Everton,24.0,1999.0,28,28,2469,27.4,0.07,0.0,0.0,0.04,DF,Everton,2.52,1.39,1.5,2.41,62.1,0.91,1.31,0.4,0.91,1.31,3.83,3.36,0.0,15.2
Dara O'Shea,IRL,DF,Burnley,25.0,1999.0,30,29,2622,29.1,0.07,0.14,0.03,0.17,DF,Burnley,1.13,0.55,0.34,0.79,43.5,0.45,1.24,0.89,0.34,0.96,2.1,4.98,0.07,14.93
Gabriel Osho,NGA,DF,Luton Town,25.0,1998.0,18,18,1576,17.5,0.11,0.0,0.0,0.17,DF,Luton Town,1.94,1.09,0.74,1.31,56.5,0.57,2.0,1.09,0.91,1.77,3.71,4.46,0.0,17.99
Emerson Palmieri,ITA,DF,West Ham,29.0,1994.0,33,32,2894,32.2,0.03,0.06,0.0,0.25,DF,West Ham,2.98,1.89,1.58,2.33,68.0,0.75,1.37,0.4,0.96,1.24,4.22,2.73,0.0,14.96
Ethan Pinnock,JAM,DF,Brentford,30.0,1993.0,26,25,2251,25.0,0.08,0.0,0.0,0.04,DF,Brentford,1.36,0.92,0.36,0.72,50.0,0.36,1.4,0.88,0.52,1.52,2.88,6.2,0.08,20.0
Chris Richards,USA,DF,Crystal Palace,24.0,2000.0,23,20,1824,20.3,0.05,0.0,0.0,0.15,DF,Crystal Palace,1.97,1.18,0.89,1.28,69.2,0.39,1.38,0.49,0.89,1.13,3.1,4.98,0.0,17.04
Andrew Robertson,SCO,DF,Liverpool,30.0,1994.0,21,16,1540,17.1,0.12,0.12,0.0,0.12,DF,Liverpool,1.87,1.29,1.35,2.22,60.5,0.88,0.99,0.35,0.64,0.64,2.51,2.34,0.0,11.43
Antonee Robinson,USA,DF,Fulham,26.0,1997.0,34,34,3008,33.4,0.0,0.18,0.0,0.12,DF,Fulham,2.51,1.62,1.47,2.99,49.0,1.53,1.5,0.18,1.32,2.25,4.76,3.11,0.09,18.07
Jack Robinson,ENG,DF,Sheffield Utd,30.0,1993.0,31,28,2615,29.1,0.03,0.03,0.0,0.27,DF,Sheffield Utd,1.31,0.86,0.82,1.24,66.7,0.41,1.58,1.07,0.52,1.03,2.34,4.47,0.07,14.47
Mads Roerslev,DEN,DF,Brentford,24.0,1999.0,31,21,1849,20.5,0.05,0.1,0.0,0.05,DF,Brentford,2.05,1.27,1.27,2.54,50.0,1.27,0.68,0.15,0.54,0.93,2.98,3.32,0.0,13.79
William Saliba,FRA,DF,Arsenal,23.0,2001.0,35,35,3150,35.0,0.06,0.03,0.0,0.11,DF,Arsenal,0.97,0.6,0.46,0.63,72.7,0.17,0.86,0.46,0.4,0.77,1.74,2.09,0.09,8.45
Fabian Schär,SUI,DF,Newcastle Utd,32.0,1991.0,34,34,2937,32.6,0.12,0.03,0.0,0.12,DF,Newcastle Utd,1.26,0.74,0.52,1.2,43.6,0.67,1.47,1.1,0.37,1.1,2.36,3.96,0.03,14.07
Nélson Semedo,POR,DF,Wolves,30.0,1993.0,33,33,2877,32.0,0.0,0.03,0.0,0.28,DF,Wolves,2.19,1.34,1.03,1.75,58.9,0.72,1.22,0.25,0.97,1.03,3.22,2.59,0.03,12.04
Marcos Senesi,ARG,DF,Bournemouth,26.0,1997.0,28,23,1990,22.1,0.18,0.18,0.0,0.5,DF,Bournemouth,2.17,1.22,0.86,2.13,40.4,1.27,1.86,0.81,1.04,1.27,3.44,4.39,0.05,17.27
Thiago Silva,BRA,DF,Chelsea,39.0,1984.0,27,25,2264,25.2,0.12,0.0,0.0,0.16,DF,Chelsea,1.03,0.48,0.67,1.19,56.7,0.52,1.19,0.83,0.36,0.99,2.02,4.92,0.16,14.49
Adam Smith,ENG,DF,Bournemouth,33.0,1991.0,26,23,1983,22.0,0.0,0.09,0.0,0.23,DF,Bournemouth,1.5,0.95,0.77,1.5,51.5,0.73,1.09,0.5,0.59,0.95,2.45,2.55,0.0,10.84
James Tarkowski,ENG,DF,Everton,31.0,1992.0,35,35,3149,35.0,0.03,0.03,0.0,0.29,DF,Everton,1.57,1.06,0.77,1.31,58.7,0.54,2.06,1.34,0.71,1.57,3.14,5.0,0.06,17.75
Charlie Taylor,ENG,DF,Burnley,30.0,1993.0,26,23,2167,24.1,0.04,0.04,0.0,0.29,DF,Burnley,1.41,0.79,0.71,1.45,48.6,0.75,1.04,0.41,0.62,0.75,2.16,3.2,0.0,11.09
Pau Torres,ESP,DF,Aston Villa,27.0,1997.0,27,25,2284,25.4,0.08,0.0,0.0,0.04,DF,Aston Villa,1.02,0.59,0.51,1.1,46.4,0.59,0.98,0.43,0.55,0.51,1.54,2.68,0.0,9.1
Kieran Trippier,ENG,DF,Newcastle Utd,33.0,1990.0,25,25,2163,24.0,0.04,0.42,0.0,0.21,DF,Newcastle Utd,2.38,1.13,1.54,3.17,48.7,1.63,1.58,0.33,1.25,0.96,3.33,2.29,0.13,11.88
Auston Trusty,USA,DF,Sheffield Utd,25.0,1998.0,29,25,2302,25.6,0.0,0.0,0.0,0.16,DF,Sheffield Utd,1.68,1.05,0.74,1.52,48.7,0.78,1.52,0.82,0.7,1.25,2.93,5.27,0.12,17.04
Destiny Udogie,ITA,DF,Tottenham,21.0,2002.0,28,28,2391,26.6,0.08,0.11,0.04,0.26,DF,Tottenham,2.56,1.24,1.02,1.84,55.1,0.83,1.02,0.3,0.71,1.39,3.95,3.01,0.19,13.96
Virgil van Dijk,NED,DF,Liverpool,32.0,1991.0,33,33,2907,32.3,0.06,0.06,0.03,0.09,DF,Liverpool,1.18,0.68,0.34,0.4,84.6,0.06,1.3,0.93,0.37,1.11,2.29,4.06,0.0,13.85
Vitinho,BRA,DF,Burnley,24.0,1999.0,29,24,2108,23.4,0.0,0.04,0.0,0.04,DF,Burnley,2.56,1.32,1.75,3.55,49.4,1.79,1.71,0.21,1.5,0.47,3.03,1.79,0.17,8.69
Kyle Walker,ENG,DF,Manchester City,33.0,1990.0,28,27,2428,27.0,0.0,0.15,0.0,0.07,DF,Manchester City,1.15,0.74,0.56,1.3,42.9,0.74,0.63,0.19,0.44,0.85,2.0,1.33,0.04,7.73
Joel Ward,ENG,DF,Crystal Palace,34.0,1989.0,25,23,1977,22.0,0.0,0.05,0.0,0.18,DF,Crystal Palace,2.05,1.27,1.36,2.14,63.8,0.77,0.77,0.45,0.32,0.64,2.68,4.23,0.05,14.06
Ben White,ENG,DF,Arsenal,26.0,1997.0,34,32,2740,30.4,0.13,0.13,0.0,0.26,DF,Arsenal,1.45,0.89,0.72,1.41,51.2,0.69,1.38,0.66,0.72,0.95,2.4,2.43,0.03,11.23
Neco Williams,WAL,DF,Nott'ham Forest,23.0,2001.0,26,18,1637,18.2,0.0,0.05,0.0,0.22,DF,Nott'ham Forest,3.79,2.2,1.92,3.08,62.5,1.15,2.42,0.71,1.7,1.21,5.0,2.91,0.0,15.98
Ashley Young,ENG,DF,Everton,38.0,1985.0,28,24,2034,22.6,0.0,0.0,0.04,0.31,DF,Everton,1.9,1.33,1.06,2.04,52.2,0.97,0.93,0.22,0.71,0.97,2.88,1.9,0.09,10.09
Illia Zabarnyi,UKR,DF,Bournemouth,21.0,2002.0,34,34,3060,34.0,0.03,0.0,0.0,0.15,DF,Bournemouth,1.68,0.91,0.68,1.38,48.9,0.71,1.29,0.82,0.47,0.94,2.62,3.94,0.12,13.22
Oleksandr Zinchenko,UKR,DF,Arsenal,27.0,1996.0,26,20,1690,18.8,0.05,0.11,0.0,0.11,DF,Arsenal,2.66,1.6,1.86,2.77,67.3,0.9,0.96,0.16,0.8,1.06,3.72,1.38,0.11,11.04
Kurt Zouma,FRA,DF,West Ham,29.0,1994.0,30,29,2568,28.5,0.11,0.0,0.0,0.11,DF,West Ham,0.67,0.49,0.25,0.46,53.8,0.21,1.19,0.84,0.35,0.84,1.51,5.05,0.0,14.64
Yunis Abdelhamid,MAR,DF,Reims,36.0,1987.0,28,28,2511,27.9,0.11,0.0,0.0,0.18,DF,Reims,2.04,1.15,0.82,1.51,54.8,0.68,1.65,0.97,0.68,1.29,3.33,3.19,0.04,14.1
Emmanuel Agbadou,CIV,DF,Reims,26.0,1997.0,29,26,2326,25.8,0.04,0.04,0.0,0.04,DF,Reims,2.25,1.47,1.51,2.21,68.4,0.7,1.67,0.85,0.81,1.82,4.07,3.6,0.04,17.31
Ruben Aguilar,FRA,DF,Lens,31.0,1993.0,22,21,1825,20.3,0.05,0.15,0.0,0.15,DF,Lens,2.46,1.48,1.28,2.17,59.1,0.89,1.63,0.2,1.43,1.18,3.65,1.92,0.0,12.42
Leonardo Balerdi,ARG,DF,Marseille,25.0,1999.0,25,24,2091,23.2,0.09,0.0,0.04,0.26,DF,Marseille,3.02,1.9,1.94,2.59,75.0,0.65,1.47,0.6,0.86,1.94,4.96,3.79,0.0,19.26
Melvin Bard,FRA,DF,Nice,23.0,2000.0,30,29,2490,27.7,0.04,0.07,0.0,0.22,DF,Nice,2.45,1.34,1.3,2.13,61.0,0.83,1.48,0.4,1.08,1.41,3.86,1.52,0.0,11.52
Neto Borges,BRA,DF,Clermont Foot,27.0,1996.0,25,25,2246,25.0,0.0,0.04,0.04,0.12,DF,Clermont Foot,1.72,0.88,1.0,2.4,41.7,1.4,1.0,0.16,0.84,2.04,3.76,2.76,0.0,14.16
Lilian Brassier,FRA,DF,Brest,24.0,1999.0,27,27,2407,26.7,0.07,0.0,0.04,0.37,DF,Brest,1.09,0.64,0.45,0.86,52.2,0.41,0.82,0.6,0.22,1.46,2.55,3.18,0.0,12.59
Duje Ćaleta-Car,CRO,DF,Lyon,27.0,1996.0,21,19,1723,19.1,0.0,0.0,0.05,0.1,DF,Lyon,1.15,0.47,0.79,0.94,83.3,0.16,1.26,0.68,0.58,0.68,1.83,4.14,0.05,11.38
Fali Candé,GNB,DF,Metz,26.0,1998.0,23,18,1670,18.6,0.0,0.05,0.0,0.16,DF,Metz,1.61,0.91,0.65,1.29,50.0,0.65,1.83,1.34,0.48,0.97,2.58,5.32,0.05,16.17
Jean-Charles Castelletto,CMR,DF,Nantes,29.0,1995.0,27,27,2374,26.4,0.08,0.0,0.0,0.19,DF,Nantes,1.25,0.95,0.64,1.06,60.7,0.42,0.72,0.38,0.34,1.21,2.46,3.03,0.0,12.83
Maximiliano Caufriez,BEL,DF,Clermont Foot,27.0,1997.0,19,19,1583,17.6,0.0,0.06,0.17,0.34,DF,Clermont Foot,2.1,1.59,1.08,1.65,65.5,0.57,0.91,0.57,0.34,0.91,3.01,3.69,0.11,13.99
Brendan Chardonnet,FRA,DF,Brest,29.0,1994.0,30,30,2700,30.0,0.03,0.03,0.0,0.13,DF,Brest,1.7,1.0,0.93,1.8,51.9,0.87,1.8,1.13,0.67,1.6,3.3,4.3,0.1,16.34
Jonathan Clauss,FRA,DF,Marseille,31.0,1992.0,25,23,1913,21.3,0.14,0.09,0.05,0.09,DF,Marseille,2.02,0.89,1.17,2.21,53.2,1.03,0.8,0.14,0.66,1.5,3.52,2.07,0.0,12.18
Maxime Colin,FRA,DF,Metz,32.0,1991.0,19,19,1562,17.4,0.0,0.0,0.0,0.17,DF,Metz,2.18,1.32,0.92,1.67,55.2,0.75,1.03,0.29,0.75,0.98,3.16,3.62,0.0,13.97
Eray Cömert,SUI,DF,Nantes,26.0,1998.0,22,20,1740,19.3,0.1,0.0,0.0,0.26,DF,Nantes,1.87,1.3,1.24,1.71,72.7,0.47,1.61,0.83,0.78,1.66,3.52,3.73,0.05,16.58
Logan Costa,CPV,DF,Toulouse,23.0,2001.0,28,26,2380,26.4,0.04,0.04,0.0,0.23,DF,Toulouse,1.36,0.83,0.49,0.83,59.1,0.34,1.44,0.91,0.53,0.76,2.12,4.28,0.04,13.38
Kevin Danso,AUT,DF,Lens,25.0,1998.0,29,29,2610,29.0,0.03,0.0,0.0,0.21,DF,Lens,0.79,0.48,0.52,1.03,50.0,0.52,1.45,1.03,0.41,0.79,1.59,3.93,0.03,11.58
Dante,BRA,DF,Nice,40.0,1983.0,30,30,2663,29.6,0.03,0.03,0.03,0.17,DF,Nice,1.99,0.98,1.22,1.62,75.0,0.41,1.32,0.64,0.68,1.11,3.11,2.57,0.07,11.28
Thibault De Smet,BEL,DF,Reims,25.0,1998.0,27,22,1831,20.3,0.0,0.0,0.05,0.34,DF,Reims,2.76,1.72,1.63,2.91,55.9,1.28,1.23,0.25,0.99,1.03,3.79,2.51,0.05,12.68
Thomas Delaine,FRA,DF,Strasbourg,32.0,1992.0,25,22,1889,21.0,0.05,0.05,0.0,0.24,DF,Strasbourg,1.71,0.81,0.95,1.95,48.8,1.0,0.81,0.1,0.71,0.81,2.52,2.29,0.0,9.65
Thomas Foket,BEL,DF,Reims,29.0,1994.0,25,22,1789,19.9,0.0,0.05,0.05,0.45,DF,Reims,1.61,0.85,1.01,2.16,46.5,1.16,1.71,0.6,1.11,1.26,2.86,1.61,0.0,9.1
Przemysław Frankowski,POL,DF,Lens,29.0,1995.0,27,22,2010,22.3,0.13,0.09,0.0,0.18,DF,Lens,2.24,1.52,1.08,2.91,36.9,1.84,1.21,0.27,0.94,0.99,3.23,1.43,0.0,11.26
Samuel Gigot,FRA,DF,Marseille,30.0,1993.0,20,19,1656,18.4,0.11,0.0,0.05,0.38,DF,Marseille,1.68,1.14,0.65,0.98,66.7,0.33,1.41,0.87,0.54,1.2,2.88,4.78,0.05,16.61
Jonathan Gradit,FRA,DF,Lens,31.0,1992.0,23,23,1842,20.5,0.05,0.0,0.05,0.44,DF,Lens,1.37,0.78,0.73,1.46,50.0,0.73,1.17,0.59,0.59,1.66,3.02,2.44,0.0,11.91
Frederic Guilbert,FRA,DF,Strasbourg,29.0,1994.0,29,26,2220,24.7,0.04,0.0,0.0,0.12,DF,Strasbourg,3.16,1.82,1.7,2.71,62.7,1.01,1.38,0.32,1.05,2.67,5.83,3.32,0.04,20.15
Achraf Hakimi,MAR,DF,Paris S-G,25.0,1998.0,24,20,1918,21.3,0.19,0.23,0.0,0.14,DF,Paris S-G,1.36,0.89,0.8,1.6,50.0,0.8,1.31,0.19,1.13,0.56,1.92,1.31,0.09,8.48
Lucas Hernández,FRA,DF,Paris S-G,28.0,1996.0,27,23,1909,21.2,0.05,0.05,0.0,0.28,DF,Paris S-G,2.45,1.7,1.37,2.36,58.0,0.99,0.99,0.24,0.75,1.27,3.73,1.79,0.0,12.66
Ismaily,BRA,DF,Lille,34.0,1990.0,27,25,2195,24.4,0.04,0.04,0.0,0.04,DF,Lille,2.58,1.72,1.11,2.17,50.9,1.07,1.23,0.25,0.98,1.19,3.77,2.7,0.0,14.45
Boubakar Kouyaté,MLI,DF,Montpellier,27.0,1997.0,22,21,1839,20.4,0.0,0.1,0.05,0.25,DF,Montpellier,2.16,1.37,1.27,2.35,54.2,1.08,1.42,0.88,0.54,1.37,3.53,5.78,0.05,19.58
Kenny Lala,MAD,DF,Brest,32.0,1991.0,30,30,2700,30.0,0.03,0.07,0.0,0.2,DF,Brest,2.47,1.57,0.97,1.83,52.7,0.87,0.8,0.13,0.67,0.87,3.33,2.27,0.03,11.99
Julien Laporte,FRA,DF,Lorient,30.0,1993.0,20,17,1548,17.2,0.0,0.0,0.0,0.12,DF,Lorient,1.16,0.7,0.76,1.8,41.9,1.05,1.8,1.28,0.52,0.47,1.63,5.41,0.06,14.09
Théo Le Bris,FRA,DF,Lorient,21.0,2002.0,26,15,1516,16.8,0.0,0.12,0.0,0.12,DF,Lorient,2.08,1.31,1.13,2.38,47.5,1.25,1.43,0.18,1.25,0.71,2.8,2.5,0.0,11.3
Gautier Lloris,FRA,DF,Le Havre,28.0,1995.0,28,28,2508,27.9,0.07,0.0,0.0,0.07,DF,Le Havre,1.65,0.93,0.93,1.43,65.0,0.5,1.76,1.04,0.72,1.0,2.65,4.55,0.04,15.16
Bradley Locko,FRA,DF,Brest,21.0,2002.0,31,31,2780,30.9,0.0,0.1,0.0,0.13,DF,Brest,3.11,1.78,1.52,2.46,61.8,0.94,0.87,0.03,0.84,1.26,4.37,2.14,0.0,13.57
Jordan Lotomba,SUI,DF,Nice,25.0,1998.0,25,20,1689,18.8,0.0,0.0,0.0,0.21,DF,Nice,1.81,1.38,1.28,1.81,70.6,0.53,1.54,0.48,1.06,0.74,2.55,1.33,0.0,8.81
Guillermo Maripán,CHI,DF,Monaco,29.0,1994.0,23,21,1767,19.6,0.05,0.0,0.05,0.0,DF,Monaco,1.12,0.41,0.51,1.38,37.0,0.87,1.33,0.66,0.66,1.53,2.65,5.41,0.2,16.39
Clinton Mata,ANG,DF,Lyon,31.0,1992.0,25,22,1950,21.7,0.0,0.09,0.0,0.23,DF,Lyon,1.61,0.97,0.83,1.47,56.3,0.65,1.47,0.74,0.74,1.61,3.23,2.3,0.0,12.38
Chancel Mbemba,COD,DF,Marseille,29.0,1994.0,22,22,1937,21.5,0.09,0.09,0.0,0.05,DF,Marseille,1.3,0.88,0.7,1.12,62.5,0.42,0.84,0.51,0.33,0.6,1.91,4.19,0.0,13.58
Facundo Medina,ARG,DF,Lens,24.0,1999.0,28,27,2444,27.2,0.04,0.11,0.0,0.37,DF,Lens,1.99,1.18,1.4,2.17,64.4,0.77,1.32,0.48,0.85,0.74,2.72,1.8,0.07,9.42
Loïc Nego,HUN,DF,Le Havre,33.0,1991.0,27,18,1542,17.1,0.0,0.18,0.0,0.18,DF,Le Havre,2.16,1.52,1.05,1.75,60.0,0.7,0.7,0.12,0.58,0.94,3.1,0.99,0.0,9.72
Rasmus Nicolaisen,DEN,DF,Toulouse,27.0,1997.0,31,31,2753,30.6,0.07,0.0,0.0,0.13,DF,Toulouse,1.5,0.95,0.75,1.34,56.1,0.59,1.44,1.08,0.36,1.27,2.78,5.0,0.03,16.89
Jake O'Brien,IRL,DF,Lyon,,,24,24,2099,23.3,0.17,0.09,0.04,0.17,DF,Lyon,0.77,0.6,0.52,0.77,66.7,0.26,0.94,0.73,0.21,0.47,1.24,3.73,0.04,11.59
Joseph Okumu,KEN,DF,Reims,26.0,1997.0,21,19,1743,19.4,0.05,0.0,0.0,0.15,DF,Reims,2.27,1.44,1.24,1.96,63.2,0.72,1.39,0.98,0.41,1.8,4.07,5.77,0.1,21.21
Warmed Omari,FRA,DF,Rennes,24.0,2000.0,24,22,1981,22.0,0.05,0.0,0.05,0.23,DF,Rennes,1.36,0.82,0.68,1.23,55.6,0.55,1.36,0.91,0.45,1.41,2.77,3.36,0.09,13.15
Becir Omeragic,SUI,DF,Montpellier,22.0,2002.0,25,23,2042,22.7,0.0,0.0,0.0,0.18,DF,Montpellier,2.03,1.23,0.88,1.45,60.6,0.57,1.98,1.15,0.84,0.97,3.0,2.64,0.0,11.7
Christopher Operi,FRA,DF,Le Havre,27.0,1997.0,25,25,2175,24.2,0.12,0.17,0.0,0.25,DF,Le Havre,1.98,1.36,1.07,2.11,51.0,1.03,1.57,0.17,1.4,1.32,3.31,2.56,0.04,14.06
Andy Pelmard,FRA,DF,Clermont Foot,24.0,2000.0,31,30,2719,30.2,0.0,0.0,0.0,0.03,DF,Clermont Foot,1.62,1.19,0.99,1.26,78.9,0.26,1.19,0.63,0.56,0.99,2.62,2.78,0.03,12.01
Danilo Pereira,POR,DF,Paris S-G,32.0,1991.0,24,20,1815,20.2,0.0,0.0,0.0,0.1,DF,Paris S-G,0.94,0.5,0.4,0.69,57.1,0.3,1.24,1.14,0.1,1.09,2.03,4.5,0.05,13.57
Lucas Perrin,FRA,DF,Strasbourg,25.0,1998.0,29,29,2609,29.0,0.0,0.03,0.0,0.1,DF,Strasbourg,1.55,1.0,0.97,1.59,60.9,0.62,1.48,1.03,0.45,0.97,2.52,3.86,0.0,13.62
Alexsandro Ribeiro,BRA,DF,Lille,24.0,1999.0,26,23,2103,23.4,0.0,0.0,0.04,0.21,DF,Lille,1.28,0.94,0.6,1.2,50.0,0.6,1.03,0.6,0.43,1.41,2.69,4.74,0.21,15.78
Pablo Rosario,NED,DF,Nice,27.0,1997.0,27,18,1755,19.5,0.0,0.0,0.0,0.15,DF,Nice,1.69,1.18,1.08,1.64,65.6,0.56,1.18,0.62,0.56,1.08,2.77,1.79,0.0,10.21
Arouna Sangante,SEN,DF,Le Havre,22.0,2002.0,28,28,2507,27.9,0.0,0.0,0.0,0.29,DF,Le Havre,1.72,1.08,0.72,1.22,58.8,0.5,1.18,0.65,0.54,2.15,3.87,3.15,0.0,15.7
Tiago santos,POR,DF,Lille,21.0,2002.0,27,24,2196,24.4,0.04,0.08,0.0,0.25,DF,Lille,2.34,1.6,1.15,2.05,56.0,0.9,0.9,0.2,0.7,0.57,2.91,1.43,0.0,9.6
Marvin Senaya,TOG,DF,Strasbourg,23.0,2001.0,29,20,1897,21.1,0.05,0.05,0.05,0.24,DF,Strasbourg,3.08,2.23,1.8,2.94,61.3,1.14,1.8,0.57,1.23,1.8,4.88,2.94,0.0,18.03
Wilfried Singo,CIV,DF,Monaco,23.0,2000.0,22,22,1979,22.0,0.05,0.05,0.05,0.32,DF,Monaco,1.41,1.0,0.68,1.09,62.5,0.41,1.23,0.64,0.59,2.05,3.45,3.41,0.09,15.77
Gabriel Suazo,CHI,DF,Toulouse,26.0,1997.0,28,25,2192,24.4,0.0,0.12,0.0,0.2,DF,Toulouse,2.58,1.27,1.48,3.32,44.4,1.84,1.39,0.16,1.23,0.98,3.57,1.23,0.0,9.37
Abakar Sylla,CIV,DF,Strasbourg,21.0,2002.0,19,16,1522,16.9,0.12,0.0,0.0,0.24,DF,Strasbourg,2.96,1.24,1.6,2.01,79.4,0.41,2.01,0.53,1.48,1.48,4.44,3.43,0.12,15.26
Nicolás Tagliafico,ARG,DF,Lyon,31.0,1992.0,23,23,1990,22.1,0.14,0.05,0.05,0.32,DF,Lyon,2.31,1.45,0.95,2.08,45.7,1.13,1.13,0.36,0.77,1.04,3.35,1.81,0.0,11.61
Montassar Talbi,TUN,DF,Lorient,25.0,1998.0,22,22,1934,21.5,0.0,0.0,0.0,0.09,DF,Lorient,1.58,0.98,0.74,1.16,64.0,0.42,1.67,1.02,0.65,1.35,2.93,4.6,0.0,16.1
Arthur Theate,BEL,DF,Rennes,23.0,2000.0,26,25,2150,23.9,0.08,0.0,0.0,0.13,DF,Rennes,1.21,0.67,0.96,1.51,63.9,0.54,1.59,0.92,0.67,1.17,2.38,3.68,0.08,13.07
Jean-Clair Todibo,FRA,DF,Nice,24.0,1999.0,27,27,2397,26.6,0.0,0.08,0.04,0.04,DF,Nice,1.84,0.9,1.05,1.84,57.1,0.79,1.24,0.53,0.71,1.35,3.2,3.5,0.0,13.83
Souleymane Touré,FRA,DF,Lorient,21.0,2003.0,24,23,2051,22.8,0.04,0.04,0.0,0.26,DF,Lorient,1.1,0.53,0.35,0.61,57.1,0.26,1.67,0.88,0.79,1.58,2.68,4.43,0.09,15.11
Ismaël Traoré,CIV,DF,Metz,37.0,1986.0,24,23,2040,22.7,0.09,0.0,0.0,0.04,DF,Metz,0.75,0.44,0.31,0.84,36.8,0.53,1.41,0.84,0.57,1.28,2.03,3.52,0.0,12.7
Adrien Truffert,FRA,DF,Rennes,22.0,2001.0,27,21,1875,20.8,0.05,0.1,0.0,0.19,DF,Rennes,1.59,0.87,1.06,1.78,59.5,0.72,1.3,0.24,1.06,0.77,2.36,2.07,0.0,9.47
Matthieu Udol,FRA,DF,Metz,28.0,1996.0,29,29,2610,29.0,0.1,0.1,0.0,0.14,DF,Metz,1.9,1.28,1.31,1.93,67.9,0.62,2.07,0.48,1.59,1.55,3.45,3.62,0.0,16.49
Vanderson,BRA,DF,Monaco,22.0,2001.0,19,19,1577,17.5,0.17,0.06,0.06,0.29,DF,Monaco,3.37,2.29,1.83,4.0,45.7,2.17,1.66,0.11,1.54,1.77,5.14,2.0,0.06,16.79
Leny Yoro,FRA,DF,Lille,18.0,2005.0,29,27,2403,26.7,0.07,0.0,0.0,0.15,DF,Lille,1.16,0.9,0.52,0.9,58.3,0.37,0.71,0.49,0.22,1.27,2.43,3.26,0.04,13.22
Etienne Youte Kinkoue,FRA,DF,Le Havre,22.0,2002.0,20,20,1770,19.7,0.0,0.0,0.0,0.05,DF,Le Havre,0.71,0.46,0.36,0.56,63.6,0.2,0.91,0.76,0.15,2.03,2.74,5.08,0.0,17.58
Waldemar Anton,GER,DF,Stuttgart,27.0,1996.0,30,29,2616,29.1,0.0,0.1,0.0,0.17,DF,Stuttgart,1.24,0.79,0.76,1.34,56.4,0.58,0.96,0.55,0.41,1.31,2.54,4.81,0.03,15.99
Matthias Bader,GER,DF,Darmstadt 98,26.0,1997.0,23,20,1712,19.0,0.05,0.11,0.0,0.05,DF,Darmstadt 98,2.47,1.26,1.58,3.21,49.2,1.63,1.05,0.21,0.84,1.32,3.79,1.05,0.0,10.42
Ridle Baku,GER,DF,Wolfsburg,26.0,1998.0,30,19,1796,20.0,0.05,0.0,0.0,0.2,DF,Wolfsburg,1.7,1.0,0.9,1.95,46.2,1.05,1.15,0.05,1.1,1.05,2.75,2.2,0.05,10.55
Bernardo,BRA,DF,Bochum,28.0,1995.0,30,30,2699,30.0,0.03,0.0,0.0,0.3,DF,Bochum,2.93,1.73,1.3,1.97,66.1,0.67,2.07,0.93,1.13,1.77,4.7,3.77,0.03,17.86
John Brooks,USA,DF,Hoffenheim,31.0,1993.0,21,18,1539,17.1,0.12,0.0,0.06,0.35,DF,Hoffenheim,1.64,0.88,0.88,1.75,50.0,0.88,1.7,0.99,0.7,1.58,3.22,6.37,0.06,20.19
Aurélio Buta,POR,DF,Eint Frankfurt,27.0,1997.0,27,19,1627,18.1,0.06,0.06,0.0,0.28,DF,Eint Frankfurt,2.15,1.38,1.1,1.99,55.6,0.88,1.27,0.28,0.99,0.83,2.98,1.99,0.0,10.87
Anthony Caci,FRA,DF,Mainz 05,26.0,1997.0,28,27,2303,25.6,0.08,0.08,0.0,0.31,DF,Mainz 05,2.03,0.78,0.94,1.56,60.0,0.63,1.52,0.27,1.25,1.13,3.16,1.6,0.0,9.34
Rasmus Carstensen,DEN,DF,Köln,23.0,2000.0,22,18,1623,18.0,0.0,0.0,0.06,0.11,DF,Köln,2.5,1.17,1.67,3.06,54.5,1.39,2.11,0.5,1.61,1.11,3.61,2.78,0.11,11.89
Julian Chabot,GER,DF,Köln,26.0,1998.0,29,29,2467,27.4,0.0,0.0,0.04,0.33,DF,Köln,1.86,1.39,1.09,1.82,60.0,0.73,2.15,1.31,0.84,1.57,3.43,4.93,0.0,18.29
Alphonso Davies,CAN,DF,Bayern Munich,23.0,2000.0,26,21,1795,19.9,0.05,0.2,0.0,0.0,DF,Bayern Munich,2.21,1.06,1.41,2.51,56.0,1.11,1.31,0.1,1.21,1.21,3.42,2.01,0.05,11.63
Sepp van den Berg,NED,DF,Mainz 05,22.0,2001.0,30,28,2569,28.5,0.07,0.0,0.0,0.32,DF,Mainz 05,1.3,0.81,0.53,0.88,60.0,0.35,2.11,1.05,1.05,1.37,2.67,5.16,0.07,16.82
Danilho Doekhi,NED,DF,Union Berlin,25.0,1998.0,21,21,1890,21.0,0.1,0.0,0.0,0.1,DF,Union Berlin,1.38,0.95,0.62,0.86,72.2,0.24,2.0,1.05,0.95,1.57,2.95,4.67,0.05,17.3
Nico Elvedi,SUI,DF,M'Gladbach,27.0,1996.0,28,26,2308,25.6,0.08,0.04,0.0,0.2,DF,M'Gladbach,1.21,0.7,0.7,0.9,78.3,0.2,1.37,0.9,0.47,1.56,2.77,5.27,0.08,17.56
Ohis Felix Uduokhai,GER,DF,Augsburg,26.0,1997.0,30,30,2651,29.5,0.07,0.0,0.03,0.14,DF,Augsburg,1.08,0.61,0.41,0.71,57.1,0.31,1.25,0.95,0.31,1.42,2.51,5.56,0.03,17.34
Max Finkgräfe,GER,DF,Köln,20.0,2004.0,22,16,1576,17.5,0.06,0.0,0.0,0.17,DF,Köln,3.37,1.89,2.0,3.77,53.0,1.77,1.89,0.51,1.37,1.14,4.51,2.11,0.0,13.5
Jonas Föhrenbach,GER,DF,Heidenheim,28.0,1996.0,30,29,2543,28.3,0.0,0.0,0.0,0.07,DF,Heidenheim,1.48,0.78,0.64,1.2,52.9,0.57,1.06,0.6,0.46,0.95,2.44,1.98,0.0,9.08
Marco Friedl,AUT,DF,Werder Bremen,26.0,1998.0,22,22,1927,21.4,0.0,0.0,0.0,0.28,DF,Werder Bremen,2.06,1.31,1.5,2.06,72.7,0.56,2.01,1.31,0.7,1.26,3.32,5.61,0.0,18.65
Jeremie Frimpong,NED,DF,Leverkusen,23.0,2000.0,29,26,2151,23.9,0.33,0.29,0.0,0.25,DF,Leverkusen,1.05,0.71,0.33,0.84,40.0,0.5,1.09,0.0,1.09,0.29,1.34,0.67,0.0,6.94
Benedikt Gimber,GER,DF,Heidenheim,27.0,1997.0,21,21,1751,19.5,0.05,0.05,0.0,0.41,DF,Heidenheim,1.85,1.18,0.87,1.59,54.8,0.72,1.23,0.77,0.46,0.77,2.62,4.36,0.05,14.51
Matthias Ginter,GER,DF,Freiburg,30.0,1994.0,23,22,1913,21.3,0.0,0.09,0.0,0.14,DF,Freiburg,1.36,0.7,0.75,1.36,55.2,0.61,1.88,1.22,0.66,0.75,2.11,4.37,0.0,13.22
Robin Gosens,GER,DF,Union Berlin,29.0,1994.0,27,24,2013,22.4,0.27,0.09,0.04,0.36,DF,Union Berlin,2.32,1.65,1.21,1.83,65.9,0.63,1.96,0.36,1.61,1.56,3.88,2.9,0.0,16.84
Jeffrey Gouweleeuw,NED,DF,Augsburg,32.0,1991.0,27,26,2323,25.8,0.04,0.0,0.0,0.23,DF,Augsburg,1.2,0.81,0.58,0.93,62.5,0.35,1.51,0.81,0.7,1.24,2.44,3.88,0.0,13.92
Florian Grillitsch,AUT,DF,Hoffenheim,28.0,1995.0,27,22,2025,22.5,0.04,0.18,0.0,0.31,DF,Hoffenheim,2.04,1.07,0.76,1.96,38.6,1.2,1.56,0.8,0.76,1.96,4.0,3.78,0.09,16.94
Álex Grimaldo,ESP,DF,Leverkusen,28.0,1995.0,31,30,2704,30.0,0.3,0.43,0.0,0.03,DF,Leverkusen,1.47,0.8,1.0,1.83,54.5,0.83,1.03,0.23,0.8,0.73,2.2,1.37,0.0,10.39
Manuel Gulde,GER,DF,Freiburg,33.0,1991.0,25,21,1901,21.1,0.05,0.0,0.05,0.24,DF,Freiburg,1.66,1.04,0.76,1.04,72.7,0.28,1.09,0.66,0.43,1.09,2.75,3.7,0.0,13.7
Benjamin Henrichs,GER,DF,RB Leipzig,27.0,1997.0,30,25,2257,25.1,0.04,0.2,0.0,0.12,DF,RB Leipzig,2.47,1.39,0.92,1.95,46.9,1.04,1.79,0.12,1.67,1.2,3.67,1.16,0.0,10.81
Franck Honorat,FRA,DF,M'Gladbach,27.0,1996.0,30,26,2218,24.6,0.12,0.37,0.0,0.04,DF,M'Gladbach,1.02,0.53,0.45,0.77,57.9,0.33,0.85,0.08,0.77,0.33,1.34,1.26,0.04,6.81
Timo Hübers,GER,DF,Köln,27.0,1996.0,28,28,2508,27.9,0.0,0.0,0.0,0.18,DF,Köln,2.15,1.51,1.47,2.47,59.4,1.0,1.83,1.0,0.82,2.15,4.3,5.38,0.04,21.48
Hiroki Ito,JPN,DF,Stuttgart,24.0,1999.0,23,22,1969,21.9,0.0,0.09,0.0,0.05,DF,Stuttgart,0.64,0.59,0.37,1.0,36.4,0.64,1.14,0.64,0.5,1.14,1.78,3.61,0.09,12.45
Moritz Jenz,GER,DF,Wolfsburg,25.0,1999.0,20,19,1607,17.9,0.0,0.06,0.06,0.39,DF,Wolfsburg,1.56,1.12,0.5,0.89,56.3,0.39,1.56,0.89,0.67,1.4,2.96,5.08,0.0,17.33
Anthony Jung,GER,DF,Werder Bremen,32.0,1991.0,28,27,2324,25.8,0.0,0.0,0.04,0.16,DF,Werder Bremen,1.32,0.78,0.66,1.2,54.8,0.54,1.4,0.54,0.85,0.81,2.13,3.53,0.0,11.55
Ozan Kabak,TUR,DF,Hoffenheim,24.0,2000.0,25,25,2069,23.0,0.13,0.0,0.04,0.43,DF,Hoffenheim,1.83,1.35,0.74,1.35,54.8,0.61,1.83,0.87,0.96,1.96,3.78,4.43,0.09,18.84
Pavel Kadeřábek,CZE,DF,Hoffenheim,32.0,1992.0,26,25,2142,23.8,0.08,0.13,0.0,0.29,DF,Hoffenheim,1.18,0.71,0.71,1.43,50.0,0.71,0.92,0.34,0.59,0.92,2.1,2.69,0.0,10.85
Emir Karic,AUT,DF,Darmstadt 98,26.0,1997.0,24,15,1529,17.0,0.0,0.0,0.0,0.24,DF,Darmstadt 98,2.47,1.47,1.18,1.59,74.1,0.41,2.18,0.47,1.71,0.71,3.18,2.29,0.0,10.88
Christoph Klarer,AUT,DF,Darmstadt 98,23.0,2000.0,27,25,2084,23.2,0.09,0.09,0.0,0.34,DF,Darmstadt 98,1.47,0.91,0.99,1.47,67.6,0.47,1.21,0.78,0.43,0.82,2.28,3.62,0.04,12.82
Robin Knoche,GER,DF,Union Berlin,31.0,1992.0,21,18,1735,19.3,0.0,0.0,0.0,0.0,DF,Union Berlin,1.66,1.09,0.93,1.5,62.1,0.57,1.24,0.88,0.36,0.67,2.33,3.21,0.0,11.7
Robin Koch,GER,DF,Eint Frankfurt,27.0,1996.0,28,28,2468,27.4,0.07,0.0,0.0,0.33,DF,Eint Frankfurt,1.2,0.77,0.58,0.88,66.7,0.29,1.09,0.8,0.29,1.06,2.26,4.53,0.07,14.5
Dominik Kohr,GER,DF,Mainz 05,30.0,1994.0,28,24,1914,21.3,0.05,0.0,0.05,0.61,DF,Mainz 05,2.39,1.6,1.41,2.35,60.0,0.94,1.17,0.28,0.89,1.97,4.37,2.39,0.0,15.03
Odilon Kossonou,CIV,DF,Leverkusen,23.0,2001.0,19,18,1568,17.4,0.06,0.0,0.0,0.17,DF,Leverkusen,1.55,1.09,0.75,1.26,59.1,0.52,1.44,0.11,1.32,1.55,3.1,2.01,0.06,12.01
Lukas Kübler,GER,DF,Freiburg,31.0,1992.0,23,19,1577,17.5,0.06,0.0,0.0,0.29,DF,Freiburg,2.57,1.2,1.37,2.06,66.7,0.69,1.83,0.74,1.09,1.66,4.23,2.86,0.06,14.25
Maxence Lacroix,FRA,DF,Wolfsburg,24.0,2000.0,25,24,2092,23.2,0.17,0.04,0.13,0.17,DF,Wolfsburg,1.72,1.03,1.08,1.47,73.5,0.39,1.42,0.52,0.91,1.03,2.76,4.74,0.0,16.24
Konrad Laimer,AUT,DF,Bayern Munich,26.0,1997.0,27,17,1665,18.5,0.0,0.16,0.0,0.16,DF,Bayern Munich,2.7,1.73,1.14,2.32,48.8,1.19,2.16,0.32,1.84,0.92,3.62,0.7,0.05,9.57
Diogo Leite,POR,DF,Union Berlin,25.0,1999.0,29,28,2461,27.3,0.0,0.0,0.0,0.22,DF,Union Berlin,1.72,1.17,0.84,1.76,47.9,0.92,1.5,0.7,0.81,1.68,3.41,4.8,0.04,17.85
Castello Lukeba,FRA,DF,RB Leipzig,21.0,2002.0,29,21,1921,21.3,0.05,0.0,0.0,0.14,DF,RB Leipzig,0.61,0.42,0.33,0.42,77.8,0.09,1.64,0.61,1.03,0.56,1.17,3.8,0.09,10.52
Patrick Mainka,GER,DF,Heidenheim,29.0,1994.0,31,31,2790,31.0,0.06,0.0,0.0,0.03,DF,Heidenheim,2.65,1.52,1.23,2.39,51.4,1.16,1.97,0.9,1.06,1.42,4.06,4.58,0.03,18.25
Erhan Mašović,SRB,DF,Bochum,25.0,1998.0,27,24,2162,24.0,0.0,0.0,0.0,0.29,DF,Bochum,2.63,1.67,1.5,2.88,52.2,1.38,1.29,0.42,0.88,1.0,3.63,3.0,0.04,13.64
Kevin Mbabu,SUI,DF,Augsburg,29.0,1995.0,23,20,1867,20.7,0.0,0.1,0.0,0.19,DF,Augsburg,2.32,1.79,1.01,1.69,60.0,0.68,1.3,0.43,0.87,1.11,3.43,2.22,0.0,13.25
Kim Min-jae,KOR,DF,Bayern Munich,27.0,1996.0,23,20,1806,20.1,0.05,0.05,0.0,0.15,DF,Bayern Munich,1.69,1.04,0.55,1.09,50.0,0.55,1.34,0.85,0.5,2.09,3.78,3.23,0.05,16.05
Maximilian Mittelstädt,GER,DF,Stuttgart,27.0,1997.0,29,21,1923,21.4,0.09,0.19,0.0,0.23,DF,Stuttgart,3.97,2.2,2.34,3.97,58.8,1.64,1.68,0.28,1.4,2.15,6.12,2.9,0.0,19.73
Phillipp Mwene,AUT,DF,Mainz 05,30.0,1994.0,22,22,1906,21.2,0.05,0.09,0.05,0.19,DF,Mainz 05,1.46,0.66,0.66,1.46,45.2,0.8,1.27,0.14,1.13,0.8,2.26,2.17,0.0,8.95
Joakim Mæhle,DEN,DF,Wolfsburg,26.0,1997.0,28,25,2272,25.2,0.08,0.12,0.0,0.2,DF,Wolfsburg,2.22,1.43,1.47,2.22,66.1,0.75,1.59,0.2,1.39,1.07,3.29,2.54,0.0,13.22
Luca Netz,GER,DF,M'Gladbach,20.0,2003.0,28,24,2114,23.5,0.0,0.17,0.0,0.09,DF,M'Gladbach,1.62,0.94,0.98,1.79,54.8,0.81,1.4,0.43,0.98,0.89,2.51,3.06,0.04,11.95
Ivan Ordets,UKR,DF,Bochum,31.0,1992.0,21,18,1610,17.9,0.06,0.0,0.0,0.17,DF,Bochum,0.73,0.56,0.28,0.61,45.5,0.34,1.79,1.23,0.56,1.51,2.23,6.2,0.0,18.8
Willian Pacho,ECU,DF,Eint Frankfurt,22.0,2001.0,30,30,2700,30.0,0.0,0.1,0.0,0.23,DF,Eint Frankfurt,1.9,1.13,1.0,1.63,61.2,0.63,1.57,0.63,0.93,1.43,3.33,4.9,0.07,17.41
Mads Pedersen,DEN,DF,Augsburg,27.0,1996.0,25,17,1606,17.8,0.06,0.06,0.06,0.28,DF,Augsburg,2.98,1.69,1.12,2.02,55.6,0.9,1.12,0.17,0.96,1.01,3.99,2.36,0.0,12.9
David Raum,GER,DF,RB Leipzig,26.0,1998.0,30,30,2649,29.4,0.07,0.24,0.0,0.17,DF,RB Leipzig,1.94,1.16,1.16,1.97,58.6,0.82,1.73,0.31,1.43,0.92,2.86,2.65,0.07,12.37
Julian Ryerson,NOR,DF,Dortmund,26.0,1997.0,20,19,1695,18.8,0.21,0.05,0.0,0.16,DF,Dortmund,2.13,1.17,1.38,2.34,59.1,0.96,1.54,0.37,1.17,0.53,2.66,1.86,0.16,9.75
Joe Scally,USA,DF,M'Gladbach,21.0,2002.0,29,23,2056,22.8,0.04,0.13,0.0,0.18,DF,M'Gladbach,1.62,1.1,0.92,1.67,55.3,0.75,1.18,0.44,0.75,0.75,2.37,3.16,0.09,12.14
Keven Schlotterbeck,GER,DF,Bochum,27.0,1997.0,24,21,1915,21.3,0.19,0.05,0.0,0.38,DF,Bochum,1.5,0.8,0.89,1.13,79.2,0.23,1.46,1.03,0.42,1.31,2.82,4.13,0.05,15.4
Nico Schlotterbeck,GER,DF,Dortmund,24.0,1999.0,30,30,2651,29.5,0.07,0.03,0.0,0.1,DF,Dortmund,2.17,1.59,1.25,1.93,64.9,0.68,1.66,0.78,0.88,1.39,3.56,3.19,0.1,15.53
Kiliann Sildillia,FRA,DF,Freiburg,21.0,2002.0,27,20,1806,20.1,0.0,0.05,0.05,0.1,DF,Freiburg,2.14,0.95,1.29,2.09,61.9,0.8,1.64,0.75,0.9,1.09,3.23,3.18,0.0,12.38
Mohamed Simakan,FRA,DF,RB Leipzig,24.0,2000.0,30,22,2034,22.6,0.09,0.09,0.0,0.35,DF,RB Leipzig,2.12,1.28,1.42,1.9,74.4,0.49,1.59,0.62,0.97,1.19,3.32,2.92,0.0,13.71
Jonathan Tah,GER,DF,Leverkusen,28.0,1996.0,28,28,2432,27.0,0.15,0.04,0.0,0.22,DF,Leverkusen,0.67,0.3,0.19,0.59,31.3,0.41,0.93,0.74,0.19,0.67,1.33,3.37,0.04,10.37
Edmond Tapsoba,BFA,DF,Leverkusen,25.0,1999.0,25,20,1817,20.2,0.0,0.05,0.0,0.2,DF,Leverkusen,1.44,1.14,0.59,0.89,66.7,0.3,0.84,0.45,0.4,0.84,2.28,2.28,0.15,10.15
Omar Traoré,GER,DF,Heidenheim,26.0,1998.0,28,26,2202,24.5,0.0,0.04,0.0,0.2,DF,Heidenheim,2.24,1.22,1.18,2.16,54.7,0.98,1.14,0.24,0.9,1.51,3.76,1.76,0.04,11.55
Tuta,BRA,DF,Eint Frankfurt,24.0,1999.0,27,27,2330,25.9,0.04,0.08,0.08,0.12,DF,Eint Frankfurt,2.16,1.16,1.43,2.16,66.1,0.73,1.08,0.46,0.62,1.27,3.44,3.63,0.0,14.67
Dayot Upamecano,FRA,DF,Bayern Munich,25.0,1998.0,22,17,1537,17.1,0.06,0.0,0.06,0.18,DF,Bayern Munich,1.64,0.99,0.82,1.58,51.9,0.76,0.82,0.35,0.47,0.99,2.63,2.69,0.18,10.96
Miloš Veljković,SRB,DF,Werder Bremen,28.0,1995.0,20,18,1663,18.5,0.11,0.05,0.0,0.11,DF,Werder Bremen,1.35,0.7,0.81,1.51,53.6,0.7,1.46,0.92,0.54,0.76,2.11,2.81,0.0,10.7
Mitchell Weiser,GER,DF,Werder Bremen,30.0,1994.0,27,27,2366,26.3,0.11,0.27,0.0,0.19,DF,Werder Bremen,2.24,1.37,1.18,1.98,59.6,0.8,1.25,0.19,1.06,0.61,2.85,1.44,0.0,10.1
Maximilian Wöber,AUT,DF,M'Gladbach,26.0,1998.0,25,24,2066,23.0,0.09,0.13,0.04,0.17,DF,M'Gladbach,2.87,1.35,1.35,2.3,58.5,0.96,2.04,1.13,0.91,1.65,4.52,4.83,0.0,19.3
Francesco Acerbi,ITA,DF,Inter,36.0,1988.0,27,24,2208,24.5,0.12,0.04,0.0,0.04,DF,Inter,0.86,0.49,0.41,0.53,76.9,0.12,0.73,0.49,0.24,1.27,2.12,2.98,0.0,12.04
Tommaso Augello,ITA,DF,Cagliari,29.0,1994.0,29,25,2167,24.1,0.04,0.04,0.0,0.17,DF,Cagliari,1.08,0.79,0.66,1.0,66.7,0.33,0.79,0.37,0.41,0.62,1.7,3.44,0.0,11.3
Mattia Bani,ITA,DF,Genoa,30.0,1993.0,27,27,2306,25.6,0.08,0.0,0.0,0.35,DF,Genoa,1.02,0.39,0.43,0.86,50.0,0.43,1.99,1.21,0.78,0.86,1.88,4.53,0.04,12.86
Federico Baschirotto,ITA,DF,Lecce,27.0,1996.0,33,33,2934,32.6,0.0,0.03,0.03,0.06,DF,Lecce,0.55,0.31,0.18,0.4,46.2,0.21,1.17,0.74,0.43,0.67,1.23,4.02,0.03,10.86
Alessandro Bastoni,ITA,DF,Inter,25.0,1999.0,26,26,2137,23.7,0.04,0.13,0.0,0.21,DF,Inter,1.81,1.39,1.01,1.6,63.2,0.59,0.93,0.46,0.46,0.89,2.7,1.98,0.04,11.14
Raoul Bellanova,ITA,DF,Torino,23.0,2000.0,33,32,2750,30.6,0.03,0.2,0.0,0.16,DF,Torino,1.01,0.72,0.52,0.88,59.3,0.36,0.62,0.1,0.52,0.46,1.47,1.05,0.1,6.06
Victor Bernth Kristiansen,DEN,DF,Bologna,21.0,2002.0,29,23,2037,22.6,0.0,0.13,0.0,0.18,DF,Bologna,1.99,1.37,0.75,1.33,56.7,0.58,1.5,0.31,1.19,0.44,2.43,1.77,0.04,9.1
Sam Beukema,NED,DF,Bologna,25.0,1998.0,28,28,2441,27.1,0.04,0.04,0.04,0.22,DF,Bologna,1.0,0.41,0.59,0.92,64.0,0.33,1.22,0.7,0.52,0.55,1.55,3.54,0.0,9.98
Jaka Bijol,SVN,DF,Udinese,25.0,1999.0,20,19,1724,19.2,0.0,0.0,0.0,0.21,DF,Udinese,1.77,1.2,0.89,1.46,60.7,0.57,1.56,0.83,0.73,1.09,2.86,6.15,0.05,18.86
Cristiano Biraghi,ITA,DF,Fiorentina,31.0,1992.0,25,24,2088,23.2,0.04,0.13,0.0,0.3,DF,Fiorentina,1.81,1.08,1.16,2.11,55.1,0.95,1.21,0.17,1.03,0.6,2.41,1.55,0.0,8.47
Samuele Birindelli,ITA,DF,Monza,24.0,1999.0,31,18,1738,19.3,0.0,0.1,0.0,0.36,DF,Monza,1.3,0.83,0.67,1.19,56.5,0.52,1.45,0.52,0.93,0.88,2.18,1.97,0.0,9.01
Domagoj Bradarić,CRO,DF,Salernitana,24.0,1999.0,33,29,2673,29.7,0.0,0.1,0.0,0.17,DF,Salernitana,0.98,0.67,0.51,0.84,60.0,0.34,0.74,0.24,0.51,1.01,1.99,2.02,0.03,9.15
Gleison Bremer,BRA,DF,Juventus,27.0,1997.0,33,33,2963,32.9,0.06,0.0,0.0,0.24,DF,Juventus,1.67,1.19,0.64,0.85,75.0,0.21,1.22,0.76,0.46,1.19,2.86,4.19,0.0,15.64
Alessandro Buongiorno,ITA,DF,Torino,24.0,1999.0,26,26,2268,25.2,0.12,0.0,0.0,0.28,DF,Torino,2.62,1.43,0.83,1.23,67.7,0.4,0.71,0.48,0.24,2.5,5.12,4.56,0.0,21.35
Liberato Cacace,NZL,DF,Empoli,23.0,2000.0,28,17,1791,19.9,0.0,0.05,0.0,0.3,DF,Empoli,1.91,1.16,1.16,1.86,62.2,0.7,1.06,0.25,0.8,0.75,2.66,2.61,0.0,10.8
Davide Calabria,ITA,DF,Milan,27.0,1996.0,28,25,2095,23.3,0.0,0.13,0.09,0.21,DF,Milan,2.96,1.63,1.85,3.0,61.4,1.16,1.07,0.26,0.82,0.99,3.95,2.06,0.04,11.81
Riccardo Calafiori,ITA,DF,Bologna,21.0,2002.0,27,23,2095,23.3,0.0,0.17,0.0,0.17,DF,Bologna,1.67,1.2,0.82,1.24,65.5,0.43,1.59,0.56,1.03,1.89,3.56,2.83,0.13,15.01
Luca Caldirola,ITA,DF,Monza,33.0,1991.0,27,23,2083,23.1,0.04,0.04,0.04,0.3,DF,Monza,1.04,0.56,0.56,0.95,59.1,0.39,1.13,0.74,0.39,1.26,2.29,2.21,0.0,9.82
Andrea Cambiaso,ITA,DF,Juventus,24.0,2000.0,31,25,2153,23.9,0.08,0.13,0.0,0.38,DF,Juventus,1.63,1.0,0.88,1.51,58.3,0.63,1.13,0.08,1.05,0.46,2.09,1.05,0.0,6.97
Patrick Ciurria,ITA,DF,Monza,29.0,1995.0,22,18,1598,17.8,0.0,0.06,0.0,0.11,DF,Monza,1.69,1.01,0.73,1.18,61.9,0.45,1.12,0.28,0.84,0.51,2.19,1.57,0.0,7.77
Danilo,BRA,DF,Juventus,32.0,1991.0,26,24,2182,24.2,0.04,0.04,0.0,0.25,DF,Juventus,2.15,1.32,1.12,1.61,69.2,0.5,1.16,0.45,0.7,1.32,3.47,3.35,0.0,14.73
Matteo Darmian,ITA,DF,Inter,34.0,1989.0,31,25,2296,25.5,0.08,0.04,0.0,0.08,DF,Inter,1.84,0.82,0.75,2.0,37.3,1.25,1.06,0.43,0.63,0.47,2.31,2.08,0.0,8.55
Paweł Dawidowicz,POL,DF,Hellas Verona,28.0,1995.0,25,23,1957,21.7,0.0,0.0,0.0,0.23,DF,Hellas Verona,2.21,1.29,0.74,1.24,59.3,0.51,0.78,0.41,0.37,0.92,3.13,4.79,0.05,15.88
Koni De Winter,BEL,DF,Genoa,21.0,2002.0,26,23,2110,23.4,0.0,0.04,0.04,0.34,DF,Genoa,1.67,1.03,0.77,1.2,64.3,0.43,1.15,0.38,0.77,0.85,2.52,3.03,0.0,11.36
Giovanni Di Lorenzo,ITA,DF,Napoli,30.0,1993.0,33,33,2970,33.0,0.03,0.18,0.0,0.18,DF,Napoli,1.52,0.94,0.91,1.94,46.9,1.03,1.21,0.39,0.82,0.64,2.15,1.27,0.0,7.82
Federico Dimarco,ITA,DF,Inter,26.0,1997.0,27,26,1875,20.8,0.24,0.29,0.0,0.0,DF,Inter,1.78,1.11,0.72,1.44,50.0,0.72,0.87,0.14,0.72,0.38,2.16,1.59,0.05,9.86
Berat Djimsiti,ALB,DF,Atalanta,31.0,1993.0,32,30,2625,29.2,0.0,0.03,0.0,0.17,DF,Atalanta,1.3,0.72,0.55,0.89,61.5,0.34,1.78,1.1,0.68,1.64,2.95,3.12,0.0,13.24
Alberto Dossena,ITA,DF,Cagliari,25.0,1998.0,32,30,2722,30.2,0.07,0.1,0.0,0.13,DF,Cagliari,1.79,1.13,1.03,1.56,66.0,0.53,1.62,0.89,0.73,1.32,3.11,5.17,0.07,18.14
Radu Drăgușin,ROU,DF,Genoa,22.0,2002.0,19,19,1710,19.0,0.11,0.05,0.0,0.05,DF,Genoa,0.84,0.58,0.42,0.47,88.9,0.05,0.95,0.63,0.32,1.11,1.95,4.58,0.16,14.67
Festy Ebosele,IRL,DF,Udinese,21.0,2002.0,28,20,1625,18.1,0.0,0.0,0.06,0.33,DF,Udinese,1.82,1.1,1.16,1.93,60.0,0.77,1.71,0.06,1.66,0.39,2.21,1.49,0.0,6.94
Martin Erlic,CRO,DF,Sassuolo,26.0,1998.0,28,27,2333,25.9,0.04,0.0,0.0,0.19,DF,Sassuolo,1.31,0.73,0.77,1.16,66.7,0.39,1.12,0.62,0.5,0.93,2.24,4.48,0.04,13.91
João Ferreira,POR,DF,Udinese,23.0,2001.0,31,17,1694,18.8,0.0,0.05,0.0,0.48,DF,Udinese,2.82,2.02,1.65,2.77,59.6,1.12,1.22,0.27,0.96,1.54,4.36,4.52,0.0,19.39
Antonino Gallo,ITA,DF,Lecce,24.0,2000.0,31,26,2156,24.0,0.0,0.13,0.0,0.08,DF,Lecce,1.54,1.0,1.17,1.83,63.6,0.67,1.29,0.33,0.96,1.0,2.54,2.58,0.0,11.47
Federico Gatti,ITA,DF,Juventus,25.0,1998.0,29,27,2401,26.7,0.15,0.0,0.0,0.26,DF,Juventus,1.09,0.64,0.6,0.79,76.2,0.19,0.75,0.41,0.34,0.71,1.8,3.15,0.04,10.91
Valentin Gendrey,FRA,DF,Lecce,23.0,2000.0,33,31,2746,30.5,0.07,0.1,0.0,0.16,DF,Lecce,1.74,1.05,0.92,1.34,68.3,0.43,1.08,0.2,0.89,1.11,2.85,3.15,0.0,13.34
Mario Gila,ESP,DF,Lazio,23.0,2000.0,19,19,1642,18.2,0.0,0.0,0.05,0.22,DF,Lazio,1.54,0.66,0.88,1.54,57.1,0.66,1.21,0.66,0.55,0.93,2.47,3.46,0.0,11.32
Emmanuel Gyasi,GHA,DF,Empoli,30.0,1994.0,29,17,1564,17.4,0.06,0.06,0.0,0.29,DF,Empoli,1.67,0.86,0.69,1.44,48.0,0.75,1.55,0.63,0.92,0.29,1.95,1.32,0.06,6.22
Norbert Gyömbér,SVK,DF,Salernitana,31.0,1992.0,21,19,1686,18.7,0.0,0.0,0.0,0.48,DF,Salernitana,1.93,0.96,1.07,1.34,80.0,0.27,1.71,1.18,0.53,1.23,3.16,4.06,0.11,13.99
Theo Hernández,FRA,DF,Milan,26.0,1997.0,29,29,2588,28.8,0.17,0.1,0.03,0.38,DF,Milan,0.97,0.52,0.38,0.73,52.4,0.35,1.08,0.45,0.63,0.73,1.7,1.39,0.03,7.32
Ardian Ismajli,ALB,DF,Empoli,27.0,1996.0,22,19,1685,18.7,0.0,0.0,0.0,0.05,DF,Empoli,1.28,0.8,0.91,1.07,85.0,0.16,1.28,0.8,0.48,1.02,2.3,5.78,0.05,16.87
Juan Jesus,BRA,DF,Napoli,32.0,1991.0,22,21,1936,21.5,0.05,0.0,0.0,0.33,DF,Napoli,1.77,0.79,1.02,1.44,71.0,0.42,0.98,0.56,0.42,0.98,2.74,3.02,0.05,11.22
Hassane Kamara,CIV,DF,Udinese,30.0,1994.0,31,23,1877,20.9,0.05,0.05,0.0,0.19,DF,Udinese,1.67,1.15,0.91,1.48,61.3,0.57,1.2,0.1,1.1,1.2,2.87,2.87,0.0,13.05
Michael Kayode,ITA,DF,Fiorentina,19.0,2004.0,24,20,1892,21.0,0.05,0.05,0.0,0.1,DF,Fiorentina,2.33,1.33,1.52,2.14,71.1,0.62,1.14,0.57,0.57,0.76,3.1,1.86,0.1,10.14
Sead Kolašinac,BIH,DF,Atalanta,30.0,1993.0,30,25,2178,24.2,0.04,0.0,0.0,0.17,DF,Atalanta,1.82,1.32,1.24,2.02,61.2,0.79,0.91,0.37,0.54,0.87,2.69,1.94,0.0,10.52
Filip Kostić,SRB,DF,Juventus,31.0,1992.0,27,25,1740,19.3,0.0,0.21,0.0,0.1,DF,Juventus,1.92,1.19,0.88,1.66,53.1,0.78,1.4,0.41,0.98,0.47,2.38,2.02,0.0,9.55
Rasmus Kristensen,DEN,DF,Roma,26.0,1997.0,26,17,1568,17.4,0.06,0.06,0.0,0.29,DF,Roma,1.84,0.86,1.38,2.41,57.1,1.03,1.44,0.34,1.09,0.34,2.18,2.47,0.0,8.79
Thomas Kristensen,DEN,DF,Udinese,22.0,2002.0,22,19,1736,19.3,0.0,0.0,0.05,0.21,DF,Udinese,1.61,1.14,0.88,1.4,63.0,0.52,1.09,0.78,0.31,1.3,2.9,5.18,0.0,17.32
Giorgos Kyriakopoulos,GRE,DF,Monza,28.0,1996.0,24,17,1535,17.1,0.0,0.18,0.0,0.18,DF,Monza,1.05,0.53,0.58,1.17,50.0,0.58,0.82,0.06,0.76,0.7,1.75,1.35,0.0,6.75
Valentino Lazaro,AUT,DF,Torino,28.0,1996.0,31,21,1917,21.3,0.0,0.09,0.0,0.14,DF,Torino,0.7,0.47,0.52,0.75,68.8,0.23,0.61,0.05,0.56,0.38,1.08,1.22,0.0,5.12
Manuel Lazzari,ITA,DF,Lazio,30.0,1993.0,22,18,1561,17.3,0.0,0.12,0.06,0.17,DF,Lazio,1.5,1.04,1.04,1.56,66.7,0.52,0.98,0.23,0.75,0.69,2.2,1.91,0.06,8.9
Diego Llorente,ESP,DF,Roma,30.0,1993.0,27,25,1990,22.1,0.05,0.05,0.0,0.23,DF,Roma,1.4,0.86,0.5,1.04,47.8,0.54,1.72,1.13,0.59,0.86,2.26,3.12,0.0,11.62
Jhon Lucumí,COL,DF,Bologna,25.0,1998.0,25,19,1857,20.6,0.0,0.0,0.0,0.0,DF,Bologna,2.14,1.31,1.31,1.7,77.1,0.39,1.26,0.68,0.58,0.53,2.67,2.96,0.0,11.44
Sebastiano Luperto,ITA,DF,Empoli,27.0,1996.0,34,34,3060,34.0,0.03,0.03,0.0,0.12,DF,Empoli,0.97,0.68,0.41,0.68,60.9,0.26,1.24,0.97,0.26,0.79,1.76,4.21,0.03,12.92
Giangiacomo Magnani,ITA,DF,Hellas Verona,28.0,1995.0,29,25,2250,25.0,0.0,0.0,0.0,0.2,DF,Hellas Verona,1.24,0.72,0.56,0.96,58.3,0.4,1.92,1.12,0.8,1.64,2.88,4.56,0.0,16.0
Gianluca Mancini,ITA,DF,Roma,28.0,1996.0,33,32,2679,29.8,0.13,0.03,0.0,0.3,DF,Roma,0.97,0.54,0.27,0.81,33.3,0.54,1.17,0.81,0.37,1.01,1.98,2.35,0.03,9.86
Gian Marco Ferrari,ITA,DF,Sassuolo,32.0,1992.0,27,21,1912,21.2,0.05,0.0,0.0,0.19,DF,Sassuolo,0.94,0.38,0.57,0.85,66.7,0.28,1.08,0.61,0.47,0.94,1.89,2.83,0.0,9.73
Pablo Marí,ESP,DF,Monza,30.0,1993.0,30,26,2273,25.3,0.0,0.0,0.0,0.28,DF,Monza,1.46,0.87,0.75,1.07,70.4,0.32,1.34,0.79,0.55,1.26,2.73,4.03,0.04,14.09
Lucas Martínez Quarta,ARG,DF,Fiorentina,27.0,1996.0,25,23,1996,22.2,0.23,0.0,0.0,0.36,DF,Fiorentina,2.79,1.8,1.4,2.03,68.9,0.63,1.62,0.63,0.99,1.22,4.01,2.7,0.18,15.12
Adam Marušić,MNE,DF,Lazio,31.0,1992.0,33,33,2740,30.4,0.03,0.0,0.03,0.1,DF,Lazio,1.32,0.89,0.82,1.51,54.3,0.69,0.79,0.23,0.56,0.95,2.27,1.97,0.07,9.31
Nikola Milenković,SRB,DF,Fiorentina,26.0,1997.0,30,23,2175,24.2,0.0,0.0,0.0,0.17,DF,Fiorentina,1.53,0.74,0.79,1.32,59.4,0.54,0.83,0.54,0.29,0.99,2.52,3.55,0.04,12.04
Obite N'Dicka,CIV,DF,Roma,24.0,1999.0,21,21,1808,20.1,0.0,0.15,0.0,0.25,DF,Roma,1.34,0.75,0.55,0.9,61.1,0.35,1.14,0.6,0.55,0.65,1.99,2.74,0.0,9.88
Caleb Okoli,ITA,DF,Frosinone,22.0,2001.0,30,28,2563,28.5,0.0,0.04,0.0,0.28,DF,Frosinone,1.65,0.98,0.81,1.26,63.9,0.46,1.51,1.09,0.42,0.91,2.56,4.53,0.14,14.29
Marcus Pedersen,NOR,DF,Sassuolo,23.0,2000.0,26,16,1581,17.6,0.0,0.11,0.0,0.23,DF,Sassuolo,1.93,1.25,1.08,1.31,82.6,0.23,1.08,0.28,0.8,0.57,2.5,2.73,0.0,11.02
Nehuén Pérez,ARG,DF,Udinese,23.0,2000.0,33,33,2968,33.0,0.0,0.0,0.03,0.21,DF,Udinese,1.97,1.33,1.06,1.27,83.3,0.21,1.48,0.73,0.76,1.24,3.21,4.45,0.03,16.25
Lorenzo Pirola,ITA,DF,Salernitana,22.0,2002.0,24,21,1762,19.6,0.05,0.0,0.0,0.2,DF,Salernitana,1.58,0.92,0.66,1.28,52.0,0.61,2.04,1.33,0.71,0.97,2.55,4.08,0.05,13.83
Marin Pongračić,CRO,DF,Lecce,26.0,1997.0,32,32,2859,31.8,0.0,0.0,0.03,0.31,DF,Lecce,1.19,0.85,0.6,0.79,76.0,0.19,1.07,0.72,0.35,1.35,2.55,3.58,0.03,13.3
Stefan Posch,AUT,DF,Bologna,26.0,1997.0,28,26,2139,23.8,0.0,0.08,0.0,0.29,DF,Bologna,2.82,1.72,1.76,2.9,60.9,1.13,1.05,0.34,0.71,0.59,3.4,2.56,0.0,12.0
Luca Ranieri,ITA,DF,Fiorentina,25.0,1999.0,23,20,1795,19.9,0.1,0.05,0.0,0.65,DF,Fiorentina,0.4,0.3,0.3,0.55,54.5,0.25,1.16,0.5,0.65,1.36,1.76,2.76,0.0,10.6
Ricardo Rodríguez,SUI,DF,Torino,31.0,1992.0,32,31,2567,28.5,0.0,0.04,0.0,0.11,DF,Torino,1.47,0.81,0.91,1.51,60.5,0.6,0.63,0.28,0.35,0.77,2.25,2.18,0.07,8.97
Alessio Romagnoli,ITA,DF,Lazio,29.0,1995.0,26,23,2141,23.8,0.0,0.0,0.0,0.29,DF,Lazio,0.88,0.59,0.59,0.84,70.0,0.25,1.09,0.71,0.38,0.88,1.76,4.37,0.0,12.86
Simone Romagnoli,ITA,DF,Frosinone,34.0,1990.0,30,27,2463,27.4,0.04,0.04,0.0,0.22,DF,Frosinone,1.2,0.51,0.47,0.66,72.2,0.18,1.64,1.13,0.51,1.02,2.23,5.0,0.0,14.73
Amir Rrahmani,KVX,DF,Napoli,30.0,1994.0,27,27,2330,25.9,0.08,0.0,0.0,0.19,DF,Napoli,1.12,0.89,0.58,1.12,51.7,0.54,0.81,0.31,0.5,0.73,1.85,3.2,0.0,11.55
Matteo Ruggeri,ITA,DF,Atalanta,21.0,2002.0,30,26,2229,24.8,0.0,0.16,0.0,0.12,DF,Atalanta,1.05,0.52,0.56,1.09,51.9,0.52,1.61,0.12,1.49,0.89,1.94,1.65,0.0,7.89
Stefano Sabelli,ITA,DF,Genoa,31.0,1993.0,30,28,2322,25.8,0.0,0.04,0.0,0.19,DF,Genoa,1.82,0.85,0.58,1.71,34.1,1.12,1.01,0.19,0.81,0.89,2.71,1.24,0.0,7.63
Giorgio Scalvini,ITA,DF,Atalanta,20.0,2003.0,28,27,2220,24.7,0.0,0.12,0.0,0.12,DF,Atalanta,1.98,1.26,0.73,1.46,50.0,0.73,1.7,0.65,1.05,2.06,4.05,2.59,0.0,15.38
Adrien Tameze,CMR,DF,Torino,30.0,1994.0,26,22,1895,21.1,0.0,0.09,0.05,0.28,DF,Torino,1.42,0.71,0.66,1.52,43.8,0.85,1.04,0.43,0.62,2.09,3.51,1.18,0.05,10.5
Jackson Tchatchoua,BEL,DF,Hellas Verona,22.0,2001.0,23,17,1517,16.9,0.0,0.12,0.0,0.12,DF,Hellas Verona,2.07,1.36,1.3,2.6,50.0,1.3,0.95,0.41,0.53,1.3,3.37,2.6,0.12,13.18
Jeremy Toljan,GER,DF,Sassuolo,29.0,1994.0,22,22,1892,21.0,0.0,0.24,0.0,0.05,DF,Sassuolo,0.62,0.48,0.43,0.71,60.0,0.29,0.76,0.19,0.57,0.71,1.33,2.14,0.05,8.42
Fikayo Tomori,ENG,DF,Milan,26.0,1997.0,22,21,1809,20.1,0.2,0.0,0.05,0.35,DF,Milan,1.84,1.04,0.9,1.39,64.3,0.5,1.49,1.04,0.45,1.14,2.99,3.23,0.05,13.6
Johan Vásquez,MEX,DF,Genoa,25.0,1998.0,33,28,2490,27.7,0.04,0.04,0.0,0.18,DF,Genoa,1.73,1.16,1.16,1.7,68.1,0.54,1.73,0.9,0.83,1.44,3.18,3.54,0.0,15.06
Sebastian Walukiewicz,POL,DF,Empoli,24.0,2000.0,25,23,1978,22.0,0.0,0.0,0.0,0.27,DF,Empoli,1.73,1.23,1.27,1.82,70.0,0.55,2.09,1.36,0.73,0.68,2.41,5.45,0.0,16.36
Gabriele Zappa,ITA,DF,Cagliari,24.0,1999.0,34,21,2246,25.0,0.04,0.08,0.0,0.08,DF,Cagliari,1.88,1.08,1.04,1.44,72.2,0.4,1.12,0.2,0.92,0.76,2.64,2.68,0.08,11.12
Davide Zappacosta,ITA,DF,Atalanta,31.0,1992.0,27,20,1609,17.9,0.11,0.06,0.0,0.28,DF,Atalanta,1.34,0.95,0.78,1.56,50.0,0.78,1.45,0.17,1.28,0.28,1.62,1.06,0.0,6.37
